{"cameraMode":{"drawMode":0,"name":"Shaded","section":"Shading Mode"},"sceneLighting":true,"audioPlay":false,"sceneViewState":{"m_AlwaysRefresh":false,"showFog":true,"showSkybox":true,"showFlares":true,"showImageEffects":true,"showParticleSystems":true,"showVisualEffectGraphs":true,"m_FxEnabled":true},"in2DMode":false,"pivot":{"x":6.63266134262085,"y":0.9920164942741394,"z":3.862635612487793},"rotation":{"x":-0.1509469747543335,"y":-0.060165468603372577,"z":0.009204503148794175,"w":-0.9866670966148377},"size":3.3689332008361818,"orthographic":false}