{"cameraMode":{"drawMode":0,"name":"Shaded","section":"Shading Mode"},"sceneLighting":true,"audioPlay":false,"sceneViewState":{"m_AlwaysRefresh":false,"showFog":true,"showSkybox":true,"showFlares":true,"showImageEffects":true,"showParticleSystems":true,"showVisualEffectGraphs":true,"m_FxEnabled":true},"in2DMode":false,"pivot":{"x":141.50648498535157,"y":104.26644134521485,"z":-5.1678466796875},"rotation":{"x":-0.006909426301717758,"y":0.006597102154046297,"z":-0.000045534336095442995,"w":-0.9999586343765259},"size":87.48915100097656,"orthographic":false}